Book Id,Title,Author,Author l-f,Additional Authors,ISBN,ISBN13,My Rating,Average Rating,Publisher,Binding,Number of Pages,Year Published,Original Publication Year,Date Read,Date Added,Bookshelves,Bookshelves with positions,Exclusive Shelf,My Review,Spoiler,Private Notes,Read Count,Owned Copies
63432,3001: The Final Odyssey,Arthur C. Clarke,"Clarke, Arthur C.",,"=""0345438205""","=""9780345438201""",4,3.59,Del Rey,Mass Market Paperback,272,1999,1999,2024/12/20,2024/12/22,"fiction, sci-fi","fiction (#20), sci-fi (#10)",read,"WHOLE SERIES REVIEW<br/><br/>This was my first ever space opera style sci-fi series and it did not disappoint! Very big ideas were explored and there's something very special reading about mankind landing on one of Jupiter's moons.<br/><br/>The scale of the story often had me in awe and I particularly liked the portrayal of AI, very impressive for a book published in the 60s. However, the lack of character depth and inconsistent pacing were at times off-putting.<br/><br/>Definitely worth a read!",,,1,0
18007564,The Martian,Andy Weir,"Weir, Andy",,"=""0804139024""","=""9780804139021""",4,4.42,Ballantine Books,Hardcover,384,2014,2011,2025/03/27,2025/03/12,"fiction, sci-fi","fiction (#25), sci-fi (#15)",read,A fun and well crafted story.<br/><br/>I found it quite predictable and was never truly feared for Watney. But his problem solving was entertaining.,,,1,0
29034,Twelve Angry Men,Reginald Rose,"Rose, Reginald",David Mamet,"=""0143104403""","=""9780143104407""",5,4.07,Penguin Classics,Paperback,96,2006,1954,2025/06/27,2025/06/27,"aaa-books, fiction","aaa-books (#23), fiction (#28)",read,An excellent dissection of American legal system and society.<br/><br/>This book left me with so many questions: Does the American justice system truly work? Can anyone ever be completely objective? And what would have happened if there hadn’t been an 8th juror?<br/><br/>I think that was the whole point.,,,1,0
7144,Crime and Punishment,Fyodor Dostoevsky,"Dostoevsky, Fyodor","Joseph Frank, David McDuff","=""""","=""""",4,4.28,Penguin,Paperback,671,2002,1866,2025/08/21,2025/07/16,"fiction, classic","fiction (#29), classic (#1)",read,"A gripping but brutal portrayal of a man losing his mind and trying to find redemption.<br/><br/>The writing was extremely good and I was very invested in Raskolnikov, but seeing the someone's psyche deteriorate to those levels is no easy task.<br/><br/>The Russian names confused me very much, I just couldn't seem to make associations...",,,1,0
36448501,The Bitcoin Standard: The Decentralized Alternative to Central Banking,Saifedean Ammous,"Ammous, Saifedean",,"=""1119473861""","=""9781119473862""",5,4.17,Wiley,Hardcover,304,2018,2018,2021/08/03,2022/09/06,"crypto, aaa-books, non-fiction","crypto (#3), aaa-books (#9), non-fiction (#21)",read,"An interesting read and a great deep dive into the fundamentals of currency, something we take for granted in today's age. Taking a step back and asking ""is this the best we can do?"" was a worthwhile exercise.",,,1,0
10664113,"A Dance with Dragons (A Song of Ice and Fire, #5)",George R.R. Martin,"Martin, George R.R.",,"=""""","=""""",4,4.34,Random House Worlds,Kindle Edition,1125,2011,2011,2023/12/05,2023/09/13,"fiction, fantasy","fiction (#5), fantasy (#1)",read,"WHOLE SERIES REVIEW (1-5)<br/><br/>A masterpiece but not an easy read!<br/><br/>George R.R. Martin wrote some brilliant characters and a tale of epic proportion. It’s dark, brutal, unpredictable, and filled with such complex individuals. Experiencing the story through unique character viewpoints was a deep experience.<br/><br/>The only real downside is the length. Each book is massive, and the decision to split the last two by character (instead of timeline) made it feel painfully slow at times. But even then, it never stopped being impressive.",,,1,0
27833670,Dark Matter,Blake Crouch,"Crouch, Blake",,"=""1101904224""","=""9781101904220""",5,4.13,Ballantine Books,Hardcover,342,2016,2016,2025/09/07,2025/03/12,"aaa-books, fiction, sci-fi, thriller","aaa-books (#24), fiction (#30), sci-fi (#16), thriller (#4)",read,"A fun mind-bending sci-fi thriller! But also something deeper.<br/><br/>This book had a very introspective tone to it, and often made me think of my own choices and things that could've been... all the infinite possibilities.",,,1,0
25451264,"Death's End (Remembrance of Earth’s Past, #3)",Liu Cixin,"Cixin, Liu",Ken Liu,"=""0765377101""","=""9780765377104""",5,4.41,TOR,Hardcover,604,2016,2010,2025/03/02,2025/02/16,"aaa-books, fiction, sci-fi","aaa-books (#21), fiction (#23), sci-fi (#13)",read,"WHOLE SERIES REVIEW<br/><br/>I recently learned the term ""hard sci-fi"": A subgenre of science fiction writing that emphasizes scientific accuracy and precise technical detail.<br/><br/>That is EXACTLY what this series is, the hardest sci-fi you may ever find. So hard that it made me hard... (intellectually). All ~1500 pages were a mentally stimulating masterpiece, while still maintaining a poetic feel at times.<br/><br/>I enjoyed all 3 books, but book #2 (The Dark Forest) really stood out for me. Concepts like ""Wallfacers"" and the ""Dark Forrest Theory"" remain two of the coolest ideas I’ve ever encountered in fiction.<br/><br/>I couldn't believe learning that what I was reading was English translated from Mandarin... It read so smoothly that it felt like the original. Gave me a very interesting perspective on language and Chinese culture.<br/><br/>I couldn't have a higher degree of respect for an author and a hard sci-fi series.",,,1,0
44767458,Dune (Dune #1),Frank Herbert,"Herbert, Frank",,"=""059309932X""","=""9780593099322""",5,4.29,Ace,Hardcover,658,2019,1965,2025/10/16,2023/11/29,"fiction, sci-fi","fiction (#31), sci-fi (#17)",read,"A truly special flavour of sci-fi with an incredible level of breadth.<br/><br/>Herbert manages to bring together politics, religion, destiny, ecology, and economics in a surprisingly easy-to-follow space opera. What’s more, the novel is done in such a way that it can serve as either a stand-alone story or an intro into (what I can imagine is) a much deeper universe and storyline.<br/><br/>I felt a genuine attachment to the characters, something that’s often lost in big-idea sci-fi. The balance between scientific concept and the human condition is handled very well.<br/><br/>Conceptually, I loved the spice, the sandworms, and the feudal power structures. <br/><br/>If I had to sum up the novel in one sentence: A beautiful threesome between Game of Thrones, Arthur C. Clarke and the Bible.",,,1,0
40277241,Brief Answers to the Big Questions,Stephen Hawking,"Hawking, Stephen",,"=""1984819194""","=""9781984819192""",5,4.26,Bantam,Hardcover,256,2018,2018,2021/06/24,2022/09/08,"non-fiction, software-maths-science","non-fiction (#16), software-maths-science (#7)",read,,,,1,0
52842983,The Road to Conscious Machines: The Story of AI,Michael Wooldridge,"Wooldridge, Michael",,"=""0241396743""","=""9780241396742""",5,4.16,Pelican,Hardcover,416,2020,2020,2021/04/18,2022/09/16,"software-maths-science, non-fiction","software-maths-science (#2), non-fiction (#13)",read,,,,1,0
50705179,Numbers Don't Lie: 71 Things You Need to Know About the World,Vaclav Smil,"Smil, Vaclav",,"=""0241454417""","=""9780241454411""",3,3.83,Viking,Hardcover,384,2020,2020,2021/10/25,2022/09/11,"software-maths-science, non-fiction","software-maths-science (#4), non-fiction (#15)",read,,,,1,0
38400400,The Art of Logic in an Illogical World,Eugenia Cheng,"Cheng, Eugenia",,"=""1541672488""","=""9781541672482""",3,3.48,Basic Books,Hardcover,320,2018,2018,2022/01/10,2022/09/16,"software-maths-science, non-fiction","software-maths-science (#3), non-fiction (#14)",read,,,,1,0
22609522,"Red Notice: A True Story of High Finance, Murder, and One Man's Fight for Justice",Bill Browder,"Browder, Bill",,"=""147675571X""","=""9781476755717""",5,4.44,Simon & Schuster,Hardcover,380,2015,2015,2022/11/03,2022/10/14,"biography, aaa-books, non-fiction","biography (#4), aaa-books (#5), non-fiction (#12)",read,,,,1,0
30257963,12 Rules for Life: An Antidote to Chaos,Jordan B. Peterson,"Peterson, Jordan B.",,"=""0345816021""","=""9780345816023""",4,3.91,Random House Canada,Hardcover,409,2018,2018,2023/03/01,2023/01/28,"psychology-philosophy, non-fiction","psychology-philosophy (#1), non-fiction (#5)",read,,,,1,0
18774981,Waking Up: A Guide to Spirituality Without Religion,Sam Harris,"Harris, Sam",,"=""1451636016""","=""9781451636017""",5,3.91,Simon & Schuster,Hardcover,256,2014,2014,2023/06/18,2023/05/19,"psychology-philosophy, non-fiction","psychology-philosophy (#6), non-fiction (#3)",read,,,,1,0
34387820,Machine Learning for Absolute Beginners: A Plain English Introduction (First Edition),Oliver Theobald,"Theobald, Oliver",,"=""""","=""""",3,3.96,Scatterplot Press,Kindle Edition,169,2017,,2023/04/05,2023/03/12,"non-fiction, software-maths-science","non-fiction (#4), software-maths-science (#6)",read,,,,1,0
18378023,The Examined Life: How We Lose and Find Ourselves,Stephen Grosz,"Grosz, Stephen",,"=""0393349322""","=""9780393349320""",2,3.95,W. W. Norton & Company,Paperback,240,2014,2012,2023/03/05,2023/01/23,"psychology-philosophy, non-fiction","psychology-philosophy (#2), non-fiction (#6)",read,,,,1,0
113576,The Smartest Guys in the Room: The Amazing Rise and Scandalous Fall of Enron,Bethany McLean,"McLean, Bethany",Peter Elkind,"=""1591840538""","=""9781591840534""",4,4.22,Portfolio Trade,Paperback,440,2004,2003,2023/01/28,2023/01/01,"business-finance, non-fiction","business-finance (#1), non-fiction (#8)",read,,,,1,0
1202,Freakonomics: A Rogue Economist Explores the Hidden Side of Everything,Steven D. Levitt,"Levitt, Steven D.",Stephen J. Dubner,"=""0061234001""","=""9780061234002""",3,4.01,William Morrow,Hardcover,268,2006,2005,2022/11/08,2022/09/06,"business-finance, non-fiction","business-finance (#4), non-fiction (#26)",read,,,,1,0
80571,American Prometheus: The Triumph and Tragedy of J. Robert Oppenheimer,Kai Bird,"Bird, Kai",Martin J. Sherwin,"=""""","=""""",4,4.31,Vintage Books,Paperback,721,2007,2005,2022/12/21,2022/12/21,"biography, aaa-books, non-fiction","biography (#1), aaa-books (#4), non-fiction (#9)",read,,,,1,0
6687247,Too Big to Fail: The Inside Story of How Wall Street and Washington Fought to Save the Financial System from Crisis — and Themselves,Andrew Ross Sorkin,"Sorkin, Andrew Ross",,"=""0670021253""","=""9780670021253""",5,4.16,Viking,Hardcover,600,2009,2009,2022/12/02,2022/11/14,"business-finance, non-fiction","business-finance (#2), non-fiction (#11)",read,,,,1,0
24724602,Flash Boys: A Wall Street Revolt,Michael   Lewis,"Lewis, Michael",,"=""0393351599""","=""9780393351590""",4,4.14,W. W. Norton & Company,Paperback,304,2015,2014,2022/11/14,2022/09/06,"business-finance, aaa-books, non-fiction","business-finance (#3), aaa-books (#12), non-fiction (#27)",read,,,,1,0
27220736,Shoe Dog: A Memoir by the Creator of Nike,Phil Knight,"Knight, Phil",,"=""1501135910""","=""9781501135910""",5,4.46,Scribner,Hardcover,400,2016,2016,2022/11/08,2022/09/06,"biography, aaa-books, non-fiction","biography (#2), aaa-books (#11), non-fiction (#25)",read,,,,1,0
34684622,Leonardo da Vinci,Walter Isaacson,"Isaacson, Walter",,"=""1501139150""","=""9781501139154""",4,4.18,Simon & Schuster,Hardcover,600,2017,2017,2022/10/29,2022/09/06,"biography, non-fiction","biography (#3), non-fiction (#24)",read,,,,1,0
35133922,Educated,Tara Westover,"Westover, Tara",,"=""0399590501""","=""9780399590504""",5,4.47,Random House,Hardcover,352,2018,2018,2022/10/14,2022/09/07,"biography, non-fiction, aaa-books","biography (#5), non-fiction (#17), aaa-books (#6)",read,,,,1,0
1842,"Guns, Germs, and Steel: The Fates of Human Societies",Jared Diamond,"Diamond, Jared",,"=""0739467352""","=""9780739467350""",4,4.04,W.W. Norton & Company,Paperback,498,2005,1997,2022/10/10,2022/09/06,"history-geography, non-fiction","history-geography (#1), non-fiction (#23)",read,,,,1,0
4069,Man's Search for Meaning,Viktor E. Frankl,"Frankl, Viktor E.","Isle Lasch, Harold S. Kushner, William J. Winslade","=""080701429X""","=""9780807014295""",5,4.37,Beacon Press,Paperback,165,2006,1946,2022/09/07,2022/09/06,"psychology-philosophy, aaa-books, non-fiction, biography","psychology-philosophy (#4), aaa-books (#10), non-fiction (#22), biography (#6)",read,,,,1,0
6708,The Power of Now: A Guide to Spiritual Enlightenment,Eckhart Tolle,"Tolle, Eckhart",,"=""""","=""""",5,4.15,New World Library,Paperback,229,2004,1997,2022/09/07,2022/09/06,"psychology-philosophy, aaa-books, non-fiction","psychology-philosophy (#5), aaa-books (#8), non-fiction (#18)",read,,,,1,0
44882,Code: The Hidden Language of Computer Hardware and Software,Charles Petzold,"Petzold, Charles",,"=""0735611319""","=""9780735611313""",4,4.40,Microsoft Press,Paperback,396,2000,1999,2022/06/28,2023/07/22,"software-maths-science, non-fiction","software-maths-science (#5), non-fiction (#1)",read,,,,1,0
43889703,The Man Who Solved the Market: How Jim Simons Launched the Quant Revolution,Gregory Zuckerman,"Zuckerman, Gregory",,"=""0241309727""","=""9780241309728""",5,4.05,Portfolio Penguin,Paperback,359,2019,2019,2022/05/24,2022/09/06,"business-finance, aaa-books, non-fiction","business-finance (#5), aaa-books (#7), non-fiction (#36)",read,,,,1,0
54222022,Token Economy: How the Web3 reinvents the Internet,Shermin Voshmgir,"Voshmgir, Shermin",,"=""""","=""""",4,4.14,Token Kitchen,Kindle Edition,364,2020,,2021/10/30,2025/10/25,"crypto, non-fiction","crypto (#4), non-fiction (#37)",read,,,,1,0
58512673,How to DeFi: Advanced,Lucius Fang,"Fang, Lucius","Benjamin Hor, Erina Azmi, Win Win Khor","=""""","=""""",4,3.95,,Kindle Edition,298,2021,,2021/09/30,2022/09/06,"crypto, non-fiction","crypto (#2), non-fiction (#20)",read,,,,1,0
58491930,How to DeFi: Beginner,Darren Lau,"Lau, Darren","Sze Jin Teh, Kristian Kho, Erina Azmi, Benjamin Hor, Lucius Fang, Win Win Khor","=""""","=""""",4,3.82,,Kindle Edition,239,2021,,2021/09/21,2022/09/06,"crypto, non-fiction","crypto (#1), non-fiction (#19)",read,,,,1,0
2696,The Canterbury Tales,Geoffrey Chaucer,"Chaucer, Geoffrey",Nevill Coghill,"=""0140424385""","=""9780140424386""",0,3.52,Penguin Books,Paperback,504,2003,1400,,2025/10/22,to-read,to-read (#175),to-read,,,,0,0
50088631,Hidden Valley Road: Inside the Mind of an American Family,Robert Kolker,"Kolker, Robert",,"=""038554376X""","=""9780385543767""",0,4.15,Doubleday ,Hardcover,377,2020,2020,,2025/10/19,to-read,to-read (#174),to-read,,,,0,0
77565,"The Fall of Hyperion (Hyperion Cantos, #2)",Dan Simmons,"Simmons, Dan",,"=""0553288202""","=""9780553288209""",0,4.24,Spectra,Mass Market Paperback,517,1995,1990,,2025/10/17,to-read,to-read (#173),to-read,,,,0,0
77566,"Hyperion (Hyperion Cantos, #1)",Dan Simmons,"Simmons, Dan",,"=""0553283685""","=""9780553283686""",0,4.27,Bantam Doubleday Dell Publishing Group,Mass Market Paperback,500,1990,1989,,2025/03/12,currently-reading,currently-reading (#1),currently-reading,,,,1,0
29579,"Foundation (Foundation, #1)",Isaac Asimov,"Asimov, Isaac",,"=""0553803719""","=""9780553803716""",0,4.17,Bantam,Hardcover,244,2004,1951,,2025/10/13,to-read,to-read (#172),to-read,,,,0,0
44439415,God Emperor of Dune (Dune #4),Frank Herbert,"Herbert, Frank",,"=""0593098250""","=""9780593098257""",0,3.88,Ace,Paperback,587,2019,1981,,2025/10/13,to-read,to-read (#171),to-read,,,,0,0
44492286,Children of Dune (Dune #3),Frank Herbert,"Herbert, Frank",,"=""0593098242""","=""9780593098240""",0,3.95,Ace,Paperback,609,2019,1976,,2025/10/13,to-read,to-read (#170),to-read,,,,0,0
44492285,Dune Messiah (Dune #2),Frank Herbert,"Herbert, Frank",Brian Herbert,"=""0593098234""","=""9780593098233""",0,3.89,Ace,Mass Market Paperback,336,2019,1969,,2025/10/13,to-read,to-read (#169),to-read,,,,0,0
240617,Tau Zero,Poul Anderson,"Anderson, Poul",,"=""""","=""""",0,3.83,Gollancz,Paperback,190,2006,1970,,2025/10/13,to-read,to-read (#168),to-read,,,,0,0
156784,Permutation City,Greg Egan,"Egan, Greg",,"=""006105481X""","=""9780061054815""",0,4.05,HarperPrism,Mass Market Paperback,352,1995,1994,,2025/10/13,to-read,to-read (#167),to-read,,,,0,0
171681821,The Anxious Generation: How the Great Rewiring of Childhood Caused an Epidemic of Mental Illness,Jonathan Haidt,"Haidt, Jonathan",,"=""0593655036""","=""9780593655030""",0,4.32,Penguin Press,Hardcover,400,2024,2024,,2025/09/22,to-read,to-read (#166),to-read,,,,0,0
42046112,Recursion,Blake Crouch,"Crouch, Blake",,"=""1524759783""","=""9781524759780""",0,4.17,Crown,Hardcover,329,2019,2019,,2024/04/01,"incomplete, to-read","incomplete (#9), to-read (#165)",to-read,,,,1,0
414999,Childhood’s End,Arthur C. Clarke,"Clarke, Arthur C.",,"=""""","=""""",0,4.12,Del Rey Books,Mass Market Paperback,224,1987,1953,,2025/08/26,to-read,to-read (#164),to-read,,,,0,0
13651,The Dispossessed: An Ambiguous Utopia,Ursula K. Le Guin,"Guin, Ursula K. Le",,"=""""","=""""",0,4.26,Harper Voyager,Paperback,387,1994,1974,,2025/08/26,to-read,to-read (#163),to-read,,,,0,0
36484703,Prediction Machines: The Simple Economics of Artificial Intelligence,Ajay Agrawal,"Agrawal, Ajay","Joshua Gans, Avi Goldfarb","=""1633695689""","=""9781633695689""",0,3.86,Harvard Business Review Press,Kindle Edition,328,2018,,,2025/08/21,to-read,to-read (#162),to-read,,,,0,0
43726517,Hello World: Being Human in the Age of Algorithms,Hannah Fry,"Fry, Hannah",,"=""0393357368""","=""9780393357363""",0,4.11,W. W. Norton & Company,Paperback,256,2019,2018,,2025/08/21,to-read,to-read (#161),to-read,,,,0,0
112537,"Rendezvous with Rama (Rama, #1)",Arthur C. Clarke,"Clarke, Arthur C.",,"=""1857231589""","=""9781857231588""",0,4.12,,Paperback,243,2000,1973,,2025/08/21,to-read,to-read (#160),to-read,,,,0,0
53000876,Contact,Carl Sagan,"Sagan, Carl",,"=""""","=""""",0,4.15,Simon & Schuster,Kindle Edition,456,2016,1985,,2025/08/21,to-read,to-read (#159),to-read,,,,0,0
95558,Solaris,Stanisław Lem,"Lem, Stanisław","Joanna Kilmartin, Steve Cox","=""""","=""""",0,3.99,Harcourt,Paperback,204,2002,1961,,2025/08/21,to-read,to-read (#158),to-read,,,,0,0
61439040,1984,George Orwell,"Orwell, George",Thomas Pynchon,"=""0452284236""","=""9780452284234""",5,4.20,Plume,Paperback,368,2022,1949,2023/12/11,2023/10/17,"sci-fi, fiction, aaa-books, classic","sci-fi (#1), fiction (#4), aaa-books (#1), classic (#2)",read,,,,1,0
169354,"The Prize: The Epic Quest for Oil, Money, and Power",Daniel Yergin,"Yergin, Daniel",,"=""0671799320""","=""9780671799328""",0,4.44,Free Press,Paperback,928,1993,1991,,2025/08/14,to-read,to-read (#157),to-read,,,,0,0
15645,Inferno,Dante Alighieri,"Alighieri, Dante",Anthony Esolen,"=""0812970063""","=""9780812970067""",0,4.03,Modern Library,Kindle Edition,490,2022,1320,,2025/08/02,to-read,to-read (#156),to-read,,,,0,0
1772910,White Nights,Fyodor Dostoevsky,"Dostoevsky, Fyodor","Olga Shartse, Fyodor Dostoyevsky","=""""","=""""",0,4.08,,Paperback,82,1848,1848,,2025/08/02,to-read,to-read (#155),to-read,,,,0,0
38390751,The Infinite Game,Simon Sinek,"Sinek, Simon",,"=""073521350X""","=""9780735213500""",0,4.16,Portfolio,Hardcover,251,2019,2017,,2025/08/02,to-read,to-read (#154),to-read,,,,0,0
201322288,"Why Banks Fail: Unrelenting Bank Runs, The Conundrum of Central Banking & South Africa’s Place in the Global Order",David Buckham,"Buckham, David","Robyn Wilkinson, Christiaan Straeuli","=""""","=""9798865539223""",0,3.44,Independently published,Paperback,240,2023,,,2025/08/02,to-read,to-read (#153),to-read,,,,0,0
12857,The Gambler,Fyodor Dostoevsky,"Dostoevsky, Fyodor",Constance Garnett,"=""""","=""""",0,3.91,Modern Library,Paperback,188,2003,1866,,2025/07/27,to-read,to-read (#152),to-read,,,,0,0
485894,The Metamorphosis,Franz Kafka,"Kafka, Franz",Stanley Corngold,"=""0553213695""","=""9780553213690""",0,3.90,Bantam Classics,Mass Market Paperback,201,1972,1915,,2025/07/27,to-read,to-read (#151),to-read,,,,0,0
58612786,$100M Offers: How To Make Offers So Good People Feel Stupid Saying No,Alex Hormozi,"Hormozi, Alex",,"=""1737475707""","=""9781737475705""",0,4.56,,Kindle Edition,155,2021,2021,,2025/07/18,to-read,to-read (#150),to-read,,,,0,0
4934,The Brothers Karamazov,Fyodor Dostoevsky,"Dostoevsky, Fyodor","Richard Pevear, Larissa Volokhonsky","=""0374528373""","=""9780374528379""",0,4.39,"Farrar, Straus and Giroux",Paperback,796,2002,1880,,2025/07/16,to-read,to-read (#149),to-read,,,,0,0
1290158,Trading and Exchanges: Market Microstructure for Practitioners,Larry Harris,"Harris, Larry",,"=""0195144708""","=""9780195144703""",4,4.24,Oxford University Press,Hardcover,656,2002,2002,2025/07/16,2025/06/08,"business-finance, non-fiction","business-finance (#10), non-fiction (#35)",read,,,,1,0
166997,Stoner,John  Williams,"Williams, John",John McGahern,"=""1590171993""","=""9781590171998""",0,4.35,New York Review Books,Paperback,292,2006,1965,,2025/07/16,to-read,to-read (#148),to-read,,,,0,0
17690,The Trial,Franz Kafka,"Kafka, Franz","Max Brod, Willa Muir, Edwin Muir","=""""","=""""",0,3.94,Vintage,Paperback,255,2001,1925,,2025/07/16,to-read,to-read (#147),to-read,,,,0,0
4406,East of Eden,John Steinbeck,"Steinbeck, John",,"=""0142000655""","=""9780142000656""",0,4.43,Penguin Books,Paperback,601,2002,1952,,2025/07/16,to-read,to-read (#146),to-read,,,,0,0
49628,Cloud Atlas,David  Mitchell,"Mitchell, David",,"=""0375507256""","=""9780375507250""",0,4.01,Random House,Paperback,509,2004,2004,,2025/07/16,to-read,to-read (#145),to-read,,,,0,0
24800,House of Leaves,Mark Z. Danielewski,"Danielewski, Mark Z.",,"=""""","=""""",0,4.09,Random House,Paperback,710,2000,2000,,2025/07/16,to-read,to-read (#144),to-read,,,,0,0
18512,"The Return of the King (The Lord of the Rings, #3)",J.R.R. Tolkien,"Tolkien, J.R.R.",,"=""""","=""""",0,4.58,Del Rey,Mass Market Paperback,404,2003,1955,,2024/11/05,"to-read, incomplete","to-read (#143), incomplete (#8)",to-read,,,,1,0
1301,Moneyball,Michael   Lewis,"Lewis, Michael",,"=""0393324818""","=""9780393324815""",0,4.27,W. W. Norton & Company,Paperback,317,2004,2003,,2025/06/22,to-read,to-read (#142),to-read,,,,0,0
15998338,The Buy Side: A Wall Street Trader's Tale of Spectacular Excess,Turney Duff,"Duff, Turney",,"=""077043715X""","=""9780770437152""",0,3.97,Crown Business,Hardcover,320,2013,2013,,2025/06/22,to-read,to-read (#141),to-read,,,,0,0
40242274,A Random Walk Down Wall Street: The Time-Tested Strategy for Successful Investing,Burton G. Malkiel,"Malkiel, Burton G.",,"=""1324002182""","=""9781324002185""",0,4.14,W. W. Norton & Company,Hardcover,432,2019,1973,,2025/06/08,to-read,to-read (#140),to-read,,,,0,0
27164582,Quantitative Momentum: A Practitioner's Guide to Building a Momentum-Based Stock Selection System (Wiley Finance),Wesley R. Gray,"Gray, Wesley R.","Jack R. Vogel, David P. Foulke","=""1119237254""","=""9781119237259""",0,4.21,Wiley,Kindle Edition,208,2016,2016,,2025/06/08,to-read,to-read (#139),to-read,,,,0,0
10982323,Expected Returns: An Investor's Guide to Harvesting Market Rewards,Antti Ilmanen,"Ilmanen, Antti",Clifford Asness,"=""1119990726""","=""9781119990727""",0,4.38,John Wiley & Sons,Hardcover,608,2011,2011,,2025/06/08,to-read,to-read (#138),to-read,,,,0,0
43886028,Market Mover: Lessons from a Decade of Change at Nasdaq,Robert Greifeld,"Greifeld, Robert",,"=""1538745135""","=""9781538745137""",0,3.89,Grand Central Publishing,Hardcover,304,2019,,,2025/06/08,to-read,to-read (#137),to-read,,,,0,0
15241,"The Two Towers (The Lord of the Rings, #2)",J.R.R. Tolkien,"Tolkien, J.R.R.",Peter S. Beagle,"=""0618346260""","=""9780618346264""",5,4.50,Houghton Mifflin,Paperback,322,1993,1954,2025/05/13,2024/11/05,"fantasy, fiction","fantasy (#11), fiction (#27)",read,,,,1,0
21198931,"Financial Hacking: Evaluate Risks, Price Derivatives, Structure Trades, And Build Your Intuition Quickly And Easily",Philip Maymin,"Maymin, Philip",,"=""9814440663""","=""9789814440660""",0,4.35,World Scientific,Kindle Edition,198,2012,2012,,2025/05/03,to-read,to-read (#136),to-read,,,,0,0
34369788,The Second Leg Down: Strategies for Profiting after a Market Sell-Off (The Wiley Finance Series),Hari P. Krishnan,"Krishnan, Hari P.",,"=""""","=""""",0,4.07,Wiley,Kindle Edition,194,2017,,,2025/05/03,to-read,to-read (#135),to-read,,,,0,0
12917124,Dark Pools: The Rise of the Machine Traders and the Rigging of the U.S. Stock Market,Scott Patterson,"Patterson, Scott",,"=""0307887170""","=""9780307887177""",0,4.08,Crown Business,Hardcover,368,2012,2012,,2025/05/03,to-read,to-read (#134),to-read,,,,0,0
34,"The Fellowship of the Ring (The Lord of the Rings, #1)",J.R.R. Tolkien,"Tolkien, J.R.R.","Maria Skibniewska, Francis Ledoux","=""0618346252""","=""9780618346257""",5,4.40,Houghton Mifflin Harcourt,Paperback,398,2003,1954,2025/04/21,2024/11/05,"aaa-books, fantasy, fiction","aaa-books (#22), fantasy (#10), fiction (#26)",read,,,,1,0
60321447,Chip War: The Fight for the World's Most Critical Technology,Chris   Miller,"Miller, Chris",,"=""1982172002""","=""9781982172008""",0,4.41,Scribner,Hardcover,431,2022,2022,,2024/01/06,to-read,to-read (#83),to-read,,,,0,0
32284263,"Black Edge: Inside Information, Dirty Money, and the Quest to Bring Down the Most Wanted Man on Wall Street",Sheelah Kolhatkar,"Kolhatkar, Sheelah",,"=""0812995805""","=""9780812995800""",0,4.20,Random House,Hardcover,295,2017,2017,,2022/09/06,to-read,to-read (#3),to-read,,,,0,0
242472,The Black Swan: The Impact of the Highly Improbable,Nassim Nicholas Taleb,"Taleb, Nassim Nicholas",,"=""1400063515""","=""9781400063512""",0,3.96,Random House ,Hardcover,480,2007,2007,,2024/12/20,to-read,to-read (#102),to-read,,,,0,0
25733505,"A Man for All Markets: From Las Vegas to Wall Street, How I Beat the Dealer and the Market",Edward O. Thorp,"Thorp, Edward O.",Nassim Nicholas Taleb,"=""1400067960""","=""9781400067961""",0,4.24,Random House,Hardcover,416,2017,2016,,2022/09/06,to-read,to-read (#2),to-read,,,,0,0
9402297,The Bed of Procrustes: Philosophical and Practical Aphorisms,Nassim Nicholas Taleb,"Taleb, Nassim Nicholas",,"=""1400069971""","=""9781400069972""",0,3.78,Random House,Hardcover,112,2010,2010,,2025/03/26,to-read,to-read (#133),to-read,,,,0,0
6713575,Coders at Work: Reflections on the Craft of Programming,Peter Seibel,"Seibel, Peter",,"=""1430219483""","=""9781430219484""",0,3.95,Apress,Paperback,632,2009,2009,,2025/03/24,to-read,to-read (#132),to-read,,,,0,0
8908,World War Z: An Oral History of the Zombie War,Max Brooks,"Brooks, Max",,"=""0307346609""","=""9780307346605""",0,4.02,Crown,Hardcover,342,2006,2006,,2025/03/14,to-read,to-read (#131),to-read,,,,0,0
36402034,Do Androids Dream of Electric Sheep?,Philip K. Dick,"Dick, Philip K.",,"=""""","=""""",4,4.09,Ballantine Books,ebook,258,2008,1968,2025/03/14,2025/03/06,"fiction, sci-fi","fiction (#24), sci-fi (#14)",read,,,,1,0
106835,The Intelligent Investor,Benjamin Graham,"Graham, Benjamin","Jason Zweig, Warren Buffett","=""0060555661""","=""9780060555665""",0,4.24,Harper Business,Paperback,623,2006,1949,,2025/03/14,to-read,to-read (#130),to-read,,,,0,0
13079982,Fahrenheit 451,Ray Bradbury,"Bradbury, Ray",,"=""""","=""""",0,3.97,Simon & Schuster,Kindle Edition,194,2011,1953,,2025/03/14,to-read,to-read (#129),to-read,,,,0,0
787719,"The New Market Wizards: Conversations with America's Top Traders  (Market Wizards, #2)",Jack D. Schwager,"Schwager, Jack D.",,"=""0887306675""","=""9780887306679""",0,4.25,Harper Business,Paperback,512,1994,1992,,2025/03/14,to-read,to-read (#128),to-read,,,,0,0
14185,The Three Stigmata of Palmer Eldritch,Philip K. Dick,"Dick, Philip K.",,"=""1407247425""","=""9781407247427""",0,4.01,Gollancz,Paperback,231,2010,1965,,2025/03/14,to-read,to-read (#127),to-read,,,,0,0
10644930,11/22/63,Stephen        King,"King, Stephen",,"=""1451627289""","=""9781451627282""",0,4.35,Scribner,Hardcover,849,2011,2011,,2025/03/12,to-read,to-read (#126),to-read,,,,0,0
25499718,"Children of Time (Children of Time, #1)",Adrian Tchaikovsky,"Tchaikovsky, Adrian",,"=""1447273281""","=""9781447273288""",0,4.30,PanMacmillan,Hardcover,608,2015,2015,,2025/03/12,to-read,to-read (#125),to-read,,,,0,0
13,"The Ultimate Hitchhiker’s Guide to the Galaxy (Hitchhiker's Guide to the Galaxy, #1-5)",Douglas Adams,"Adams, Douglas",,"=""0345453743""","=""9780345453747""",0,4.38,Del Rey Books,Paperback,815,2002,1996,,2025/03/12,to-read,to-read (#124),to-read,,,,0,0
5129,Brave New World,Aldous Huxley,"Huxley, Aldous",,"=""0060929871""","=""9780060929879""",0,3.99,HarperPerennial / Perennial Classics,Paperback,268,1998,1932,,2025/03/12,to-read,to-read (#123),to-read,,,,0,0
7624,Lord of the Flies,William Golding,"Golding, William",,"=""0140283331""","=""9780140283334""",0,3.70,Penguin Books ,Paperback,182,1999,1954,,2025/03/12,to-read,to-read (#122),to-read,,,,0,0
6088007,"Neuromancer (Sprawl, #1)",William Gibson,"Gibson, William",Jack Womack,"=""""","=""""",0,3.89,Ace,Kindle Edition,268,2018,1984,,2025/03/12,to-read,to-read (#121),to-read,,,,0,0
216363,The Man in the High Castle,Philip K. Dick,"Dick, Philip K.",,"=""0679740678""","=""9780679740674""",0,3.59,Vintage,Paperback,259,1992,1962,,2025/03/06,to-read,to-read (#120),to-read,,,,0,0
33311863,American War,Omar El Akkad,"Akkad, Omar El",,"=""""","=""""",0,3.80,Knopf,ebook,384,2017,2017,,2025/03/06,to-read,to-read (#119),to-read,,,,0,0
6690798,"The Passage (The Passage, #1)",Justin Cronin,"Cronin, Justin",,"=""0345504968""","=""9780345504968""",0,4.05,Ballantine Books,Hardcover,773,2010,2010,,2025/03/06,to-read,to-read (#118),to-read,,,,0,0
33369264,Blackout: A Techno-Thriller,Marc Elsberg,"Elsberg, Marc",,"=""1492654418""","=""9781492654414""",0,4.00,Sourcebooks Landmark,Hardcover,316,2017,2012,,2025/03/06,to-read,to-read (#117),to-read,,,,0,0
13330370,"The Last Policeman (The Last Policeman, #1)",Ben H. Winters,"Winters, Ben H.",,"=""1594745765""","=""9781594745768""",0,3.77,Quirk Books,Paperback,316,2012,2012,,2025/03/06,to-read,to-read (#116),to-read,,,,0,0
11557,Swan Song,Robert McCammon,"McCammon, Robert",,"=""0671741039""","=""9780671741037""",0,4.30,Pocket Books,Mass Market Paperback,956,1987,1987,,2025/03/06,to-read,to-read (#115),to-read,,,,0,0
17848897,Algorithmic Trading: Winning Strategies and Their Rationale,Ernest P. Chan,"Chan, Ernest P.",,"=""1118746910""","=""9781118746912""",3,3.85,Wiley,Paperback,224,2013,2013,2025/03/06,2025/03/02,"non-fiction, business-finance","non-fiction (#34), business-finance (#9)",read,,,,1,0
4977694,Quantitative Trading: How to Build Your Own Algorithmic Trading Business,Ernest P. Chan,"Chan, Ernest P.",,"=""0470284889""","=""9780470284889""",4,3.75,John Wiley & Sons Inc,Hardcover,181,2008,2008,2025/03/03,2025/03/02,"business-finance, non-fiction","business-finance (#8), non-fiction (#33)",read,,,,1,0
966769,"Market Wizards: Interviews with Top Traders (Market Wizards, #1)",Jack D. Schwager,"Schwager, Jack D.",,"=""0887306101""","=""9780887306105""",0,4.27,Harperbusiness,Paperback,480,1993,1989,,2025/03/02,to-read,to-read (#114),to-read,,,,0,0
369708,The Alchemy of Finance (Wiley Investment Classics),George Soros,"Soros, George",Paul A. Volcker,"=""0471445495""","=""9780471445494""",0,3.74,Wiley,Paperback,416,2015,1987,,2025/03/02,to-read,to-read (#113),to-read,,,,0,0
204689,Dynamic Hedging: Managing Vanilla and Exotic Options,Nassim Nicholas Taleb,"Taleb, Nassim Nicholas",,"=""0471152803""","=""9780471152804""",0,4.03,Wiley,Hardcover,528,1997,1996,,2025/02/16,to-read,to-read (#112),to-read,,,,0,0
6800644,Inside the Black Box: The Simple Truth About Quantitative Trading (Wiley Finance),Rishi K. Narang,"Narang, Rishi K.",,"=""0470432063""","=""9780470432068""",0,3.73,John Wiley & Sons Inc,Hardcover,224,2009,2009,,2025/02/16,to-read,to-read (#111),to-read,,,,0,0
13356644,The Physics of Wall Street: A Brief History of Predicting the Unpredictable,James Owen Weatherall,"Weatherall, James Owen",,"=""0547317271""","=""9780547317274""",0,3.86,Mariner Books,Hardcover,286,2013,2013,,2025/02/16,to-read,to-read (#110),to-read,,,,0,0
55723020,Dopamine Nation: Finding Balance in the Age of Indulgence,Anna Lembke,"Lembke, Anna",,"=""1524746738""","=""9781524746735""",0,3.89,Dutton Books,ebook,304,2021,2021,,2025/01/29,to-read,to-read (#109),to-read,,,,0,0
18423,The Left Hand of Darkness,Ursula K. Le Guin,"Guin, Ursula K. Le",,"=""""","=""""",0,4.10,Ace,Paperback,304,2000,1969,,2025/01/27,to-read,to-read (#108),to-read,,,,0,0
23168817,"The Dark Forest (Remembrance of Earth’s Past, #2)",Liu Cixin,"Cixin, Liu",Joel Martinsen,"=""""","=""""",5,4.40,Tor Books,Hardcover,512,2015,2008,2025/01/24,2025/01/10,"aaa-books, fiction, sci-fi","aaa-books (#20), fiction (#22), sci-fi (#12)",read,,,,1,0
41817486,A Clockwork Orange,Anthony Burgess,"Burgess, Anthony",,"=""0393341763""","=""9780393341768""",0,4.00,W. W. Norton & Company,Paperback,240,2019,1962,,2025/01/24,to-read,to-read (#107),to-read,,,,0,0
13554058,The Wandering Earth,Liu Cixin,"Cixin, Liu",Holger Nahm,"=""""","=""""",0,4.14,"Beijing Guomi Digital Technology Co., Ltd.",Kindle Edition,45,2012,2000,,2025/01/23,to-read,to-read (#106),to-read,,,,0,0
11099729,Star Wars: Darth Plagueis,James Luceno,"Luceno, James",,"=""034551128X""","=""9780345511287""",0,4.19,"LucasBooks/Del Rey Books/Ballantine Books/Random House, Inc.",Hardcover,379,2012,2012,,2025/01/13,to-read,to-read (#105),to-read,,,,0,0
58709846,"The Three-Body Problem (Remembrance of Earth’s Past, #1)",Liu Cixin,"Cixin, Liu",Ken Liu,"=""""","=""""",5,4.08,Tor Books,Kindle Edition,400,2021,2006,2025/01/04,2024/12/29,"aaa-books, fiction, sci-fi","aaa-books (#19), fiction (#21), sci-fi (#11)",read,,,,1,0
19161852,The Fifth Season (The Broken Earth #1),N.K. Jemisin,"Jemisin, N.K.",,"=""""","=""""",0,4.29,Orbit,Paperback,468,2015,2015,,2024/12/22,to-read,to-read (#104),to-read,,,,0,0
38315,Fooled by Randomness: The Hidden Role of Chance in Life and in the Markets (Incerto),Nassim Nicholas Taleb,"Taleb, Nassim Nicholas",,"=""0812975219""","=""9780812975215""",0,4.08,Random House Trade Paperbacks,Paperback,368,2005,2001,,2024/12/20,to-read,to-read (#103),to-read,,,,0,0
13530973,Antifragile: Things That Gain from Disorder,Nassim Nicholas Taleb,"Taleb, Nassim Nicholas",,"=""1400067820""","=""9781400067824""",0,4.09,Random House,Hardcover,426,2012,2012,,2024/12/20,to-read,to-read (#101),to-read,,,,0,0
53145152,2061: Odyssey Three (Space Odyssey #3),Arthur C. Clarke,"Clarke, Arthur C.",,"=""0795324863""","=""9780795324864""",4,3.62,RosettaBooks,Kindle Edition,218,2012,1987,2024/12/02,2024/12/02,"fiction, sci-fi","fiction (#19), sci-fi (#9)",read,,,,1,0
13453029,"Wool Omnibus (Silo, #1)",Hugh Howey,"Howey, Hugh",,"=""""","=""""",0,4.23,Broad Reach Publishing,Paperback,509,2012,2012,,2024/12/01,to-read,to-read (#100),to-read,,,,0,0
50980081,2010: Odyssey Two (Space Odyssey #2),Arthur C. Clarke,"Clarke, Arthur C.",,"=""0795324839""","=""9780795324833""",5,3.95,RosettaBooks,Kindle Edition,261,2012,1982,2024/11/27,2024/11/27,"aaa-books, fiction, sci-fi","aaa-books (#18), fiction (#18), sci-fi (#8)",read,,,,1,0
46026742,"2001: A Space Odyssey (Space Odyssey, #1)",Arthur C. Clarke,"Clarke, Arthur C.",,"=""""","=""""",5,4.18,Orbit,Kindle Edition,258,2018,1968,2024/11/24,2024/11/17,"aaa-books, fiction, sci-fi","aaa-books (#17), fiction (#17), sci-fi (#7)",read,,,,1,0
6025160,Lords of Finance: The Bankers Who Broke the World,Liaquat Ahamed,"Ahamed, Liaquat",,"=""159420182X""","=""9781594201820""",0,4.03,Penguin Press,Hardcover,564,2009,2009,,2022/11/20,"to-read, incomplete","to-read (#13), incomplete (#7)",to-read,,,,0,0
70561,The Gulag Archipelago 1918–1956 (Abridged),Aleksandr Solzhenitsyn,"Solzhenitsyn, Aleksandr",Edward E. Ericson Jr.,"=""0060007761""","=""9780060007768""",0,4.33,HarperCollins,Paperback,512,2002,1973,,2023/03/04,"to-read, incomplete","to-read (#29), incomplete (#6)",to-read,,,,0,0
31138556,Homo Deus: A History of Tomorrow,Yuval Noah Harari,"Harari, Yuval Noah",,"=""""","=""""",0,4.19,Harper,ebook,450,2017,2015,,2024/11/20,"to-read, incomplete","to-read (#99), incomplete (#5)",to-read,,,,0,0
23692271,Sapiens: A Brief History of Humankind,Yuval Noah Harari,"Harari, Yuval Noah",,"=""""","=""""",0,4.34,Vintage,Paperback,512,2015,2011,,2024/11/20,"to-read, incomplete","to-read (#98), incomplete (#4)",to-read,,,,0,0
48855,The Diary of a Young Girl,Anne Frank,"Frank, Anne","Eleanor Roosevelt, Otto H. Frank, Mirjam Pressler, Barbara Mooyaart-Doubleday, Γιάννης Θωμόπουλος, Susan Massotty","=""""","=""""",0,4.20,Bantam,Mass Market Paperback,283,1993,1947,,2023/06/08,"to-read, incomplete","to-read (#43), incomplete (#3)",to-read,,,,0,0
4978,"Wolves of the Calla (The Dark Tower, #5)",Stephen        King,"King, Stephen",Bernie Wrightson,"=""141651693X""","=""9781416516934""",0,4.20,Pocket Books,Mass Market Paperback,960,2006,2003,,2024/01/06,"to-read, incomplete","to-read (#97), incomplete (#2)",to-read,,,,1,0
216921525,Catch-22,Joseph Heller,"Heller, Joseph",,"=""1068859695""","=""9781068859694""",0,3.99,Horizon Ridge Publishing,Kindle Edition,601,2024,1961,,2023/12/22,"to-read, incomplete","to-read (#96), incomplete (#1)",to-read,,,,1,0
134666822,Elon Musk,Walter Isaacson,"Isaacson, Walter",,"=""""","=""""",5,4.33,Simon & Schuster UK,Kindle Edition,688,2023,2023,2024/11/20,2024/01/09,"biography, non-fiction","biography (#8), non-fiction (#32)",read,,,,1,0
5907,"The Hobbit, or There and Back Again",J.R.R. Tolkien,"Tolkien, J.R.R.","Douglas A. Anderson, Michael Hague, Jemima Catlin","=""""","=""""",0,4.30,Houghton Mifflin,Paperback,366,2002,1937,,2024/11/05,to-read,to-read (#95),to-read,,,,0,0
11281904,The Shining,Stephen        King,"King, Stephen",,"=""""","=""""",4,4.28,Hodder,ebook,674,2007,1977,2024/10/06,2023/12/19,fiction,fiction (#16),read,,,,1,0
62291,"A Storm of Swords (A Song of Ice and Fire, #3)",George R.R. Martin,"Martin, George R.R.",,"=""""","=""""",5,4.55,Bantam,Mass Market Paperback,1177,2003,2000,2023/11/20,2023/09/13,"fiction, fantasy, aaa-books","fiction (#3), fantasy (#3), aaa-books (#2)",read,,,,1,0
10572,"A Clash of Kings  (A Song of Ice and Fire, #2)",George R.R. Martin,"Martin, George R.R.",,"=""""","=""""",5,4.42,Random House Worlds,Paperback,1009,2002,1998,2023/10/18,2023/09/13,"fantasy, fiction","fantasy (#4), fiction (#7)",read,,,,1,0
13496,"A Game of Thrones (A Song of Ice and Fire, #1)",George R.R. Martin,"Martin, George R.R.",,"=""0553588486""","=""9780553588484""",5,4.45,Bantam,Mass Market Paperback,835,2005,1996,2023/09/13,2023/08/27,"aaa-books, fiction, fantasy","aaa-books (#3), fiction (#8), fantasy (#5)",read,,,,1,0
75404576,'Salem's Lot,Stephen        King,"King, Stephen",,"=""""","=""""",4,4.10,Hodder & Stoughton,Kindle Edition,470,2008,1975,2024/05/19,2024/04/23,"fantasy, fiction","fantasy (#9), fiction (#15)",read,,,,1,0
56019043,Beyond Order: 12 More Rules For Life,Jordan B. Peterson,"Peterson, Jordan B.",,"=""0593084640""","=""9780593084649""",0,4.14,Portfolio,Hardcover,382,2021,2021,,2023/04/05,to-read,to-read (#40),to-read,,,,0,0
3228917,Outliers: The Story of Success,Malcolm Gladwell,"Gladwell, Malcolm",,"=""0316017922""","=""9780316017923""",5,4.19,"Little, Brown and Company",Hardcover,309,2008,2008,2024/07/25,2022/09/06,"aaa-books, non-fiction, psychology-philosophy","aaa-books (#16), non-fiction (#31), psychology-philosophy (#8)",read,,,,1,0
52054094,Steve Jobs,Walter Isaacson,"Isaacson, Walter",,"=""""","=""""",5,4.15,"Little, Brown",Kindle Edition,568,2019,2011,2024/07/15,2023/10/18,"aaa-books, biography, non-fiction","aaa-books (#15), biography (#7), non-fiction (#30)",read,,,,1,0
8664353,"Unbroken: A World War II Story of Survival, Resilience and Redemption",Laura Hillenbrand,"Hillenbrand, Laura",,"=""1400064163""","=""9781400064168""",0,4.39,Random House,Hardcover,475,2010,2010,,2024/06/07,to-read,to-read (#94),to-read,,,,0,0
18050143,"Zero to One: Notes on Startups, or How to Build the Future",Peter Thiel,"Thiel, Peter",Blake  Masters,"=""0804139296""","=""9780804139298""",4,4.15,Crown Currency,Hardcover,195,2014,2014,2024/06/02,2023/06/26,"business-finance, non-fiction","business-finance (#7), non-fiction (#29)",read,,,,1,0
830502,It,Stephen        King,"King, Stephen",,"=""0450411435""","=""9780450411434""",0,4.24,New English Library,Paperback,1184,1987,1986,,2024/05/19,to-read,to-read (#93),to-read,,,,0,0
53424992,The 5am Club,Robin Sharma,"Sharma, Robin",,"=""""","=""""",0,3.68,,Paperback,314,,2018,,2024/05/07,to-read,to-read (#92),to-read,,,,0,0
89717,The Haunting of Hill House,Shirley Jackson,"Jackson, Shirley",Laura Miller,"=""0143039989""","=""9780143039983""",0,3.81,Penguin Classics,Paperback,182,2006,1959,,2024/04/28,to-read,to-read (#91),to-read,,,,0,0
40121378,Atomic Habits: An Easy & Proven Way to Build Good Habits & Break Bad Ones,James Clear,"Clear, James",,"=""""","=""""",5,4.33,Avery,Kindle Edition,319,2018,2018,2024/04/25,2023/06/08,"non-fiction, psychology-philosophy","non-fiction (#28), psychology-philosophy (#7)",read,,,,1,0
36204378,The Book of Why: The New Science of Cause and Effect,Judea Pearl,"Pearl, Judea",Dana Mackenzie,"=""046509760X""","=""9780465097609""",0,3.94,Basic Books,Hardcover,432,2018,2018,,2024/04/21,to-read,to-read (#90),to-read,,,,0,0
199017130,The Diary of a CEO: The 33 Laws of Business and Life,Steven Bartlett,"Bartlett, Steven",,"=""0593715837""","=""9780593715833""",0,4.17,Portfolio,Hardcover,368,2023,,,2024/04/06,to-read,to-read (#89),to-read,,,,0,0
11144099,"Wizard and Glass (The Dark Tower, #4)",Stephen        King,"King, Stephen",,"=""1848941129""","=""9781529399226""",5,4.27,,Kindle Edition,728,2003,1997,2024/04/01,2024/01/06,"aaa-books, fantasy, sci-fi, fiction","aaa-books (#14), fantasy (#6), sci-fi (#6), fiction (#14)",read,,,,1,0
43615,"The Gunslinger (The Dark Tower, #1)",Stephen        King,"King, Stephen",,"=""1501143514""","=""9781501143519""",4,3.91,Plume,Paperback,231,2003,1982,2023/12/29,2023/12/19,"fiction, sci-fi, fantasy","fiction (#10), sci-fi (#2), fantasy (#8)",read,,,,1,0
34084,"The Waste Lands (The Dark Tower, #3)",Stephen        King,"King, Stephen",Ned Dameron,"=""0670032565""","=""9780670032563""",5,4.25,Viking Adult,Hardcover,422,2003,1991,2024/01/09,2024/01/06,"sci-fi, fiction, fantasy","sci-fi (#4), fiction (#12), fantasy (#7)",read,,,,1,0
34452,"Many Lives, Many Masters: The True Story of a Prominent Psychiatrist, His Young Patient, and the Past Life Therapy That Changed Both Their Lives",Brian L. Weiss,"Weiss, Brian L.",,"=""0446520594""","=""9780446520591""",0,4.17,Grand Central Publishing,Hardcover,224,1996,1988,,2024/03/31,to-read,to-read (#88),to-read,,,,0,0
87591651,The Stand,Stephen        King,"King, Stephen",Grover Gardner,"=""""","=""""",5,4.35,BBC Audio,Audiobook,,2021,1978,2024/02/26,2024/01/09,"aaa-books, fiction, sci-fi","aaa-books (#13), fiction (#13), sci-fi (#5)",read,,,,1,0
54114950,Too Much and Never Enough: How My Family Created the World's Most Dangerous Man,Mary L. Trump,"Trump, Mary L.",,"=""1982141484""","=""9781982141486""",0,3.82,Simon & Schuster,Kindle Edition,236,2020,2020,,2024/02/22,to-read,to-read (#87),to-read,,,,0,0
42389,"Band of Brothers: E Company, 506th Regiment, 101st Airborne from Normandy to Hitler's Eagle's Nest",Stephen E. Ambrose,"Ambrose, Stephen E.",,"=""0743464117""","=""9780743464116""",0,4.44,Simon & Schuster; Media Tie-In edition,Paperback,432,2002,1992,,2024/01/30,to-read,to-read (#86),to-read,,,,0,0
54798175,Later,Stephen        King,"King, Stephen",,"=""""","=""""",0,3.96,Hard Case Crime,Kindle Edition,248,2021,2021,,2024/01/11,to-read,to-read (#85),to-read,,,,0,0
53138083,"Working Backwards: Insights, Stories, and Secrets from Inside Amazon",Colin Bryar,"Bryar, Colin",Bill Carr,"=""1250267595""","=""9781250267597""",0,4.20,St. Martin's Press,Hardcover,304,2021,2021,,2024/01/09,to-read,to-read (#84),to-read,,,,0,0
5094,"The Drawing of the Three (The Dark Tower, #2)",Stephen        King,"King, Stephen",,"=""0451210859""","=""9780451210852""",5,4.24,Signet,Paperback,463,2003,1987,2024/01/06,2024/01/03,"fiction, sci-fi","fiction (#11), sci-fi (#3)",read,,,,1,0
18775247,"Mr. Mercedes (Bill Hodges Trilogy, #1)",Stephen        King,"King, Stephen",,"=""1476754454""","=""9781476754451""",4,4.04,Scribner,Hardcover,437,2014,2014,2023/12/19,2023/07/03,"thriller, fiction","thriller (#3), fiction (#9)",read,,,,1,0
5091,"The Dark Tower (The Dark Tower, #7)",Stephen        King,"King, Stephen",Michael   Whelan,"=""""","=""""",0,4.29,Pocket Books,Mass Market Paperback,1050,2006,2004,,2024/01/06,to-read,to-read (#82),to-read,,,,0,0
5093,"Song of Susannah (The Dark Tower, #6)",Stephen        King,"King, Stephen",Darrel Anderson,"=""1416521496""","=""9781416521495""",0,4.00,Pocket Books,Mass Market Paperback,544,2006,2004,,2024/01/06,to-read,to-read (#81),to-read,,,,0,0
61714633,"The Wager: A Tale of Shipwreck, Mutiny and Murder",David Grann,"Grann, David",,"=""0385534264""","=""9780385534260""",0,4.17,Doubleday,Hardcover,352,2023,2023,,2023/12/22,to-read,to-read (#80),to-read,,,,0,0
65916344,"Holly (Holly Gibney, #3)",Stephen        King,"King, Stephen",,"=""1668016133""","=""9781668016138""",0,4.07,Scribner,Hardcover,449,2023,2023,,2023/12/22,to-read,to-read (#79),to-read,,,,0,0
193388249,Killers of the Flower Moon: The Osage Murders and the Birth of the FBI,David Grann,"Grann, David",,"=""0593470834""","=""9780593470831""",0,4.14,Vintage,Paperback,338,2023,2017,,2023/12/22,to-read,to-read (#78),to-read,,,,0,0
397483,"The Devil in the White City: Murder, Magic, and Madness at the Fair That Changed America",Erik Larson,"Larson, Erik",,"=""0609608444""","=""9780609608449""",0,4.00,Crown Publishers,Hardcover,464,2003,2003,,2023/12/22,to-read,to-read (#77),to-read,,,,0,0
6870,Enduring Love,Ian McEwan,"McEwan, Ian",,"=""0099481243""","=""9780099481249""",0,3.65,Vintage Books,Paperback,245,2006,1997,,2023/12/22,to-read,to-read (#76),to-read,,,,0,0
343,Perfume: The Story of a Murderer,Patrick Süskind,"Süskind, Patrick",John E. Woods,"=""""","=""""",0,4.04,Penguin Books,Paperback,263,1987,1985,,2023/12/22,to-read,to-read (#75),to-read,,,,0,0
6867,Atonement,Ian McEwan,"McEwan, Ian",,"=""038572179X""","=""9780385721790""",0,3.95,Anchor Books,Paperback,351,2003,2001,,2023/12/22,to-read,to-read (#74),to-read,,,,0,0
39662,Different Seasons,Stephen        King,"King, Stephen",,"=""0751514624""","=""9780751514629""",0,4.36,Warner Books,Mass Market Paperback,560,1995,1982,,2023/12/19,to-read,to-read (#73),to-read,,,,0,0
11566,The Green Mile,Stephen        King,"King, Stephen",,"=""0451933028""","=""9780451933027""",0,4.49,Penguin Signet,Paperback,592,1996,1996,,2023/12/19,to-read,to-read (#72),to-read,,,,0,0
10614,Misery,Stephen        King,"King, Stephen",,"=""0450417395""","=""9780450417399""",0,4.23,New English Library,Paperback,370,1992,1987,,2023/12/19,to-read,to-read (#71),to-read,,,,0,0
23492589,"Finders Keepers (Bill Hodges Trilogy, #2)",Stephen        King,"King, Stephen",,"=""1501100076""","=""9781501100079""",0,4.07,Scribner,Hardcover,434,2015,2015,,2023/12/19,to-read,to-read (#70),to-read,,,,0,0
43933,Tell No One,Harlan Coben,"Coben, Harlan",,"=""0440236703""","=""9780440236702""",5,4.06,Dell Publishing Company,Mass Market Paperback,370,2009,2001,,2022/09/06,"fiction, thriller","fiction (#2), thriller (#2)",read,,,,1,0
33128934,"Stillhouse Lake (Stillhouse Lake, #1)",Rachel Caine,"Caine, Rachel",,"=""1477821554""","=""9781477821558""",4,4.11,Thomas & Mercer,Kindle Edition,301,2017,2017,,2022/09/06,"fiction, thriller","fiction (#1), thriller (#1)",read,,,,1,0
28257707,The Subtle Art of Not Giving a F*ck: A Counterintuitive Approach to Living a Good Life,Mark Manson,"Manson, Mark",,"=""""","=""9798804636129""",3,3.87,Harper,Paperback,212,2016,2016,,2022/11/20,"psychology-philosophy, non-fiction","psychology-philosophy (#3), non-fiction (#10)",read,,,,1,0
26893229,Modern Card Counting: Blackjack,Patrick Linsenmeyer,"Linsenmeyer, Patrick",,"=""0692524800""","=""9780692524800""",4,4.29,Williams International Publishing,Paperback,109,2015,2015,2023/01/07,2023/01/01,"software-maths-science, non-fiction","software-maths-science (#1), non-fiction (#7)",read,,,,1,0
50125990,The Stellenbosch Mafia: Inside the Billionaire’s Club,Pieter Du Toit,"Toit, Pieter Du",,"=""1868429199""","=""9781868429196""",4,3.68,Jonathan Ball,Kindle Edition,240,2019,2019,2023/07/07,2023/06/13,"non-fiction, business-finance","non-fiction (#2), business-finance (#6)",read,,,,1,0
13497,"A Feast for Crows (A Song of Ice and Fire, #4)",George R.R. Martin,"Martin, George R.R.",,"=""""","=""""",4,4.17,Bantam Books,Mass Market Paperback,1060,2011,2005,2023/12/04,2023/09/13,"fantasy, fiction","fantasy (#2), fiction (#6)",read,,,,1,0
49552,The Stranger,Albert Camus,"Camus, Albert",Matthew  Ward,"=""""","=""""",0,4.03,Vintage International,Paperback,123,1989,1942,,2023/12/11,to-read,to-read (#69),to-read,,,,0,0
117833,The Master and Margarita,Mikhail Bulgakov,"Bulgakov, Mikhail","Diana Lewis Burgin, Katherine Tiernan O'Connor, Ellendea Proffer, Hans Fronius, Михаил Афанасьевич Булгаков","=""0679760806""","=""9780679760801""",0,4.28,Vintage International,Paperback,372,1996,1967,,2023/12/11,to-read,to-read (#68),to-read,,,,0,0
35031085,Frankenstein: The 1818 Text,Mary Wollstonecraft Shelley,"Shelley, Mary Wollstonecraft",Charlotte  Gordon,"=""0143131842""","=""9780143131847""",0,3.89,Penguin Classics,Paperback,260,2018,1818,,2023/12/11,to-read,to-read (#67),to-read,,,,0,0
95784,The Rape of Nanking: The Forgotten Holocaust of World War II,Iris Chang,"Chang, Iris",,"=""0140277447""","=""9780140277449""",0,4.25,Penguin Books,Paperback,290,1998,1997,,2023/12/04,to-read,to-read (#66),to-read,,,,0,0
25899336,When Breath Becomes Air,Paul Kalanithi,"Kalanithi, Paul",Abraham   Verghese,"=""0812988418""","=""9780812988413""",0,4.41,Random House,Kindle Edition,208,2016,2016,,2023/12/04,to-read,to-read (#65),to-read,,,,0,0
18143977,All the Light We Cannot See,Anthony Doerr,"Doerr, Anthony",,"=""1476746583""","=""9781476746586""",0,4.31,Scribner,Hardcover,531,2014,2014,,2023/12/01,to-read,to-read (#64),to-read,,,,0,0
21413662,What If?: Serious Scientific Answers to Absurd Hypothetical Questions,Randall Munroe,"Munroe, Randall",,"=""0544272994""","=""9780544272996""",0,4.14,Dey Street Books,Hardcover,303,2014,2014,,2023/11/12,to-read,to-read (#63),to-read,,,,0,0
18635622,"A Knight of the Seven Kingdoms (The Tales of Dunk and Egg, #1-3)",George R.R. Martin,"Martin, George R.R.",Gary Gianni,"=""0345533488""","=""9780345533487""",0,4.25,Bantam Books,Hardcover,368,2015,2015,,2023/10/17,to-read,to-read (#62),to-read,,,,0,0
39943621,"Fire & Blood (A Targaryen History, #1)",George R.R. Martin,"Martin, George R.R.",Doug Wheatley,"=""152479628X""","=""9781524796280""",0,4.05,Random House Worlds,Hardcover,706,2018,2018,,2023/10/17,to-read,to-read (#61),to-read,,,,0,0
21,A Short History of Nearly Everything,Bill Bryson,"Bryson, Bill",,"=""076790818X""","=""9780767908184""",0,4.22,Crown,Paperback,544,2004,2003,,2023/10/16,to-read,to-read (#60),to-read,,,,0,0
7170627,The Emperor of All Maladies: A Biography of Cancer,Siddhartha Mukherjee,"Mukherjee, Siddhartha",,"=""""","=""""",0,4.34,Scribner,Hardcover,472,2010,2010,,2023/10/16,to-read,to-read (#59),to-read,,,,0,0
4671,The Great Gatsby,F. Scott Fitzgerald,"Fitzgerald, F. Scott",,"=""0743273567""","=""9780743273565""",0,3.93,Scribner,Paperback,180,1925,1925,,2023/09/26,to-read,to-read (#58),to-read,,,,0,0
39999,The Boy in the Striped Pajamas,John Boyne,"Boyne, John",,"=""0385751079""","=""9780385751070""",0,4.16,David Fickling Books,Hardcover,224,2006,2006,,2023/09/26,to-read,to-read (#57),to-read,,,,0,0
40057409,Robin: The Definitive Biography of Robin Williams,Dave Itzkoff,"Itzkoff, Dave",,"=""0283072326""","=""9780283072321""",0,4.12,Sidgwick & Jackson,Paperback,528,2018,2018,,2023/09/16,to-read,to-read (#56),to-read,,,,0,0
40718726,Genghis Khan and the Making of the Modern World,Jack Weatherford,"Weatherford, Jack",,"=""""","=""""",0,4.06,Broadway Books,Kindle Edition,352,2018,2004,,2023/09/16,to-read,to-read (#55),to-read,,,,0,0
24113,"Gödel, Escher, Bach: An Eternal Golden Braid",Douglas R. Hofstadter,"Hofstadter, Douglas R.",,"=""0465026567""","=""9780465026562""",0,4.29,Basic Books,Paperback,777,1999,1979,,2023/08/09,to-read,to-read (#54),to-read,,,,0,0
25622873,Data and Goliath: The Hidden Battles to Collect Your Data and Control Your World,Bruce Schneier,"Schneier, Bruce",,"=""039335217X""","=""9780393352177""",0,4.00,W. W. Norton & Company,Paperback,427,2016,2015,,2023/08/09,to-read,to-read (#53),to-read,,,,0,0
56829,Hackers: Heroes of the Computer Revolution,Steven Levy,"Levy, Steven",,"=""0141000511""","=""9780141000510""",0,4.16,Penguin Books,Paperback,464,2001,1984,,2023/08/09,to-read,to-read (#52),to-read,,,,0,0
13036199,Tubes: A Journey to the Center of the Internet,Andrew  Blum,"Blum, Andrew",,"=""0061994936""","=""9780061994937""",0,3.51,Ecco,Hardcover,294,2012,2012,,2023/08/09,to-read,to-read (#51),to-read,,,,0,0
61619,Hacking: The Art of Exploitation w/CD,Jon Erickson,"Erickson, Jon",,"=""1593270070""","=""9781593270070""",0,4.17,No Starch Press,Paperback,264,2003,2003,,2023/07/22,to-read,to-read (#50),to-read,,,,0,0
13528420,"We Are Anonymous: Inside the Hacker World of LulzSec, Anonymous, and the Global Cyber Insurgency",Parmy Olson,"Olson, Parmy",,"=""0316213543""","=""9780316213547""",0,3.97,"Little, Brown and Company",Hardcover,512,2012,2012,,2023/07/22,to-read,to-read (#49),to-read,,,,0,0
18154,The Cuckoo's Egg: Tracking a Spy Through the Maze of Computer Espionage,Clifford Stoll,"Stoll, Clifford",,"=""1416507787""","=""9781416507789""",0,4.28,Pocket Books,Paperback,399,2005,1989,,2023/07/22,to-read,to-read (#48),to-read,,,,0,0
10256723,Ghost in the Wires: My Adventures as the World's Most Wanted Hacker,Kevin D. Mitnick,"Mitnick, Kevin D.","Steve Wozniak, William L. Simon","=""0316037702""","=""9780316037709""",0,3.97,"Little, Brown and Company",Hardcover,413,2011,2011,,2023/07/22,to-read,to-read (#47),to-read,,,,0,0
4099,The Pragmatic Programmer: From Journeyman to Master,Andy   Hunt,"Hunt, Andy","Dave         Thomas, Ward Cunningham","=""020161622X""","=""9780201616224""",0,4.33,Addison-Wesley Professional,Paperback,321,1999,1999,,2023/07/22,to-read,to-read (#46),to-read,,,,0,0
10127019,The Lean Startup,Eric Ries,"Ries, Eric",,"=""0307887898""","=""9780307887894""",0,4.11,Best Business,Hardcover,299,2011,2011,,2023/06/26,to-read,to-read (#45),to-read,,,,0,0
6181,If This Is a Man • The Truce,Primo Levi,"Levi, Primo","Stuart J. Woolf, Paul Bailey","=""0349100136""","=""9780349100135""",0,4.54,Abacus,Paperback,398,1987,1987,,2023/06/11,to-read,to-read (#44),to-read,,,,0,0
39507318,The Library Book,Susan Orlean,"Orlean, Susan",,"=""1476740186""","=""9781476740188""",0,3.88,Simon & Schuster,Hardcover,317,2018,2018,,2023/06/08,to-read,to-read (#42),to-read,,,,0,0
1963638,The Untethered Soul: The Journey Beyond Yourself,Michael A. Singer,"Singer, Michael A.",,"=""""","=""""",0,4.21,New Harbinger Publications,Paperback,183,2007,2007,,2023/06/08,to-read,to-read (#41),to-read,,,,0,0
12382651,The Man Without a Face: The Unlikely Rise of Vladimir Putin,Masha Gessen,"Gessen, Masha",,"=""1594488428""","=""9781594488429""",0,3.82,Riverhead Books,Hardcover,304,2012,2010,,2023/04/05,to-read,to-read (#39),to-read,,,,0,0
25666050,Algorithms to Live By: The Computer Science of Human Decisions,Brian  Christian,"Christian, Brian",Tom  Griffiths,"=""1627790365""","=""9781627790369""",0,4.13,Henry Holt and Co.,Hardcover,368,2016,2016,,2023/03/12,to-read,to-read (#38),to-read,,,,0,0
11468377,"Thinking, Fast and Slow",Daniel Kahneman,"Kahneman, Daniel",,"=""0374275637""","=""9780374275631""",0,4.17,"Farrar, Straus and Giroux",Hardcover,499,2011,2011,,2023/03/12,to-read,to-read (#37),to-read,,,,0,0
24612233,The Master Algorithm: How the Quest for the Ultimate Learning Machine Will Remake Our World,Pedro Domingos,"Domingos, Pedro",,"=""0465065708""","=""9780465065707""",0,3.74,Basic Books,Hardcover,352,2015,2015,,2023/03/12,to-read,to-read (#36),to-read,,,,0,0
22551901,Four Futures: Life After Capitalism,Peter Frase,"Frase, Peter",,"=""1781688133""","=""9781781688137""",0,3.77,Verso,Paperback,150,2016,2015,,2023/03/12,to-read,to-read (#35),to-read,,,,0,0
50489349,The Alignment Problem: Machine Learning and Human Values,Brian  Christian,"Christian, Brian",,"=""0393635821""","=""9780393635829""",0,4.34,W. W. Norton & Company,Hardcover,496,2020,2020,,2023/03/12,to-read,to-read (#34),to-read,,,,0,0
55051662,"Genius Makers: The Mavericks Who Brought AI to Google, Facebook, and the World",Cade Metz,"Metz, Cade",,"=""1524742678""","=""9781524742676""",0,4.26,Dutton,Hardcover,384,2021,2021,,2023/03/12,to-read,to-read (#33),to-read,,,,0,0
51300408,"A World Without Work: Technology, Automation, and How We Should Respond",Daniel Susskind,"Susskind, Daniel",,"=""1250173523""","=""9781250173522""",0,3.83,Metropolitan Books,Hardcover,307,2020,2020,,2023/03/12,to-read,to-read (#32),to-read,,,,0,0
53239311,The Happiest Man on Earth,Eddie Jaku,"Jaku, Eddie",,"=""1760980080""","=""9781760980085""",0,4.61,Macmillan Australia,Hardcover,200,2021,2020,,2023/03/05,to-read,to-read (#31),to-read,,,,0,0
4806,Longitude: The True Story of a Lone Genius Who Solved the Greatest Scientific Problem of His Time,Dava Sobel,"Sobel, Dava",Neil Armstrong,"=""0802714625""","=""9780802714626""",0,3.99,Walker Books,Hardcover,184,2005,1995,,2023/03/04,to-read,to-read (#30),to-read,,,,0,0
2612,The Tipping Point: How Little Things Can Make a Big Difference,Malcolm Gladwell,"Gladwell, Malcolm",,"=""0316346624""","=""9780316346627""",0,4.01,Time Warner Book Group,Paperback,301,2002,2000,,2023/03/04,to-read,to-read (#28),to-read,,,,0,0
170448,Animal Farm,George Orwell,"Orwell, George","Russell Baker, C.M. Woodhouse","=""0451526341""","=""9780451526342""",0,4.01,Signet Classics,Mass Market Paperback,141,1996,1945,,2023/03/04,to-read,to-read (#27),to-read,,,,0,0
10534,The Art of War,Sun Tzu,"Tzu, Sun",Thomas Cleary,"=""""","=""""",0,3.95,Harper Press,Paperback,170,2005,-500,,2023/03/04,to-read,to-read (#26),to-read,,,,0,0
30659,Meditations,Marcus Aurelius,"Aurelius, Marcus",Martin Hammond,"=""0140449337""","=""9780140449334""",0,4.28,Penguin Books,Paperback,254,2006,180,,2023/03/04,to-read,to-read (#25),to-read,,,,0,0
61535,The Selfish Gene,Richard Dawkins,"Dawkins, Richard",,"=""0199291152""","=""9780199291151""",0,4.16,Oxford University Press,Paperback,360,2006,1976,,2023/02/12,to-read,to-read (#24),to-read,,,,0,0
34536488,Principles: Life and Work,Ray Dalio,"Dalio, Ray",Jeremy Bobb,"=""1508243247""","=""9781508243243""",0,4.10,Simon & Schuster Audio,Audio CD,16,2017,2017,,2023/02/01,to-read,to-read (#23),to-read,,,,0,0
34921573,Lost Connections: Uncovering the Real Causes of Depression - and the Unexpected Solutions,Johann Hari,"Hari, Johann",,"=""163286830X""","=""9781632868305""",0,4.26,Bloomsbury USA,Hardcover,322,2018,2018,,2023/01/23,to-read,to-read (#22),to-read,,,,0,0
48711165,Yes to Life: In Spite of Everything,Viktor E. Frankl,"Frankl, Viktor E.",,"=""080700555X""","=""9780807005552""",0,4.17,Beacon Press,Hardcover,136,2020,1946,,2023/01/23,to-read,to-read (#21),to-read,,,,0,0
18668059,The Obstacle Is the Way: The Timeless Art of Turning Trials into Triumph,Ryan Holiday,"Holiday, Ryan",,"=""1591846358""","=""9781591846352""",0,4.15,Portfolio,Hardcover,201,2014,2014,,2023/01/23,to-read,to-read (#20),to-read,,,,0,0
2054761,The Snowball: Warren Buffett and the Business of Life,Alice Schroeder,"Schroeder, Alice",,"=""0553805096""","=""9780553805093""",0,4.16,Bantam Books,Hardcover,960,2008,2008,,2023/01/15,to-read,to-read (#19),to-read,,,,0,0
16121,"Titan: The Life of John D. Rockefeller, Sr.",Ron Chernow,"Chernow, Ron",,"=""1400077303""","=""9781400077304""",0,4.15,Vintage,Paperback,832,2004,1998,,2023/01/15,to-read,to-read (#18),to-read,,,,0,0
37976541,Bad Blood: Secrets and Lies in a Silicon Valley Startup,John Carreyrou,"Carreyrou, John",,"=""""","=""""",0,4.41,Knopf,Hardcover,339,2018,2018,,2023/01/15,to-read,to-read (#17),to-read,,,,0,0
41881472,The Psychology of Money,Morgan Housel,"Housel, Morgan",,"=""0857197681""","=""9780857197689""",0,4.29,Harriman House,Paperback,242,2020,2020,,2023/01/07,"to-read, incomplete","to-read (#16), incomplete (#10)",to-read,,,,0,0
60438216,The Forever Witness: How Genetic Genealogy Solved a Cold Case Double Murder,Edward Humes,"Humes, Edward",,"=""1524746274""","=""9781524746278""",0,4.26,Dutton ,Hardcover,384,2022,2022,,2023/01/01,to-read,to-read (#15),to-read,,,,0,0
10669,When Genius Failed: The Rise and Fall of Long-Term Capital Management,Roger Lowenstein,"Lowenstein, Roger",,"=""0375758259""","=""9780375758256""",0,4.20,Random House Trade Paperbacks,Paperback,264,2001,2000,,2022/11/22,to-read,to-read (#14),to-read,,,,0,0
33600,Shantaram,Gregory David Roberts,"Roberts, Gregory David",,"=""192076920X""","=""9781920769208""",0,4.28,Scribe,Paperback,936,2004,2003,,2022/10/10,to-read,to-read (#12),to-read,,,,0,0
18144590,The Alchemist,Paulo Coelho,"Coelho, Paulo",,"=""0062315005""","=""9780062315007""",0,3.92,HarperOne,Paperback,182,2014,1988,,2022/10/10,to-read,to-read (#11),to-read,,,,0,0
51942513,Think Like a Monk: Train Your Mind for Peace and Purpose Every Day,Jay Shetty,"Shetty, Jay",,"=""1982134488""","=""9781982134488""",0,4.18,Simon & Schuster,Hardcover,328,2020,2020,,2022/09/13,to-read,to-read (#10),to-read,,,,1,0
25135194,"Prisoners of Geography: Ten Maps That Tell You Everything You Need to Know About Global Politics (Politics of Place, #1)",Tim  Marshall,"Marshall, Tim",,"=""1783961414""","=""9781783961412""",0,4.19,Elliott & Thompson,Hardcover,256,2015,2015,,2022/09/07,to-read,to-read (#9),to-read,,,,0,0
13531540,Paradox: The Nine Greatest Enigmas in Physics,Jim Al-Khalili,"Al-Khalili, Jim",,"=""0307986799""","=""9780307986795""",0,4.00,Crown,Paperback,256,2012,2012,,2022/09/06,to-read,to-read (#8),to-read,,,,0,0
475,Collapse: How Societies Choose to Fail or Succeed,Jared Diamond,"Diamond, Jared",,"=""0143036556""","=""9780143036555""",0,3.93,Penguin Books Ltd. (London),Paperback,608,2005,2004,,2022/09/06,to-read,to-read (#7),to-read,,,,0,0
25942786,The Mind Illuminated: A Complete Meditation Guide Integrating Buddhist Wisdom and Brain Science,Culadasa (John Charles Yates),"Yates), Culadasa (John Charles","John Charles Yates, Matthew Immergut, Jeremy Graves","=""0990847705""","=""9780990847700""",0,4.26,Dharma Treasure Press,Paperback,504,2015,2015,,2022/09/06,to-read,to-read (#6),to-read,,,,0,0
40597264,Hacking Darwin: Genetic Engineering and the Future of Humanity,Jamie Metzl,"Metzl, Jamie",,"=""149267009X""","=""9781492670094""",0,3.98,Sourcebooks,Hardcover,327,2019,2019,,2022/09/06,to-read,to-read (#5),to-read,,,,0,0
10884,Einstein: His Life and Universe,Walter Isaacson,"Isaacson, Walter",,"=""0743264738""","=""9780743264730""",0,4.17,Simon & Schuster,Hardcover,675,2007,2007,,2022/09/06,to-read,to-read (#4),to-read,,,,0,0
7865083,Liar's Poker,Michael   Lewis,"Lewis, Michael",,"=""039333869X""","=""9780393338690""",0,4.15,W. W. Norton & Company,Paperback,310,2010,1989,,2022/09/06,to-read,to-read (#1),to-read,,,,0,0
